INSERT INTO Alias (Alias_ID, Criminal_ID, Alias)
VALUES ('000001', '000001', 'Joker'),
('000002', '000002', 'Penguin'),
('000003', '000003', 'Riddler'),
('000004', '000004', 'Poison Ivy'),
('000005', '000005', 'Bane'),
('000006', '000006', 'Two-Face'),
('000007', '000007', 'Scarecrow'),
('000008', '000008', 'Mr.Freeze'),
('000009', '000009', 'Deadshot'),
('000010', '000010', 'Deathstroke');

INSERT INTO Criminals (Criminal_ID, last_name, first_name, Street, City, State, Zip, Phone, V_status, P_status)
VALUES ('000001', 'White', 'Jack', '83 Thatcher Drive', 'Troy', 'NY', '12180', '6559210157', 'N', 'N'),
('000002', 'Cobblepot', 'Oswald', '477 Green Street', 'New York', 'NY', '10027', '3513447614', 'Y', 'N'),
('000003', 'Nigma', 'Edward', '9 Windfall Street', 'Spring Valley', 'NY', '10977', '9845100329', 'Y', 'N'),
('000004', 'Isley', 'Pamela', '361 Elm Road', 'New York', 'NY', '10002', '9555748746', 'N', 'N'),
('000005', 'Dorrance', 'Eduardo', '494 Cross Street', 'Yonkers', 'NY', '10701', '6138896999', 'N', 'N'),
('000006', 'Dent', 'Harvey', '6 West Berkshire Court', 'Bronx', 'NY', '10469', '2424303001', 'Y', 'N'),
('000007', 'Crane', 'Jonathan', '9360 Anderson Street', 'Lindenhurst', 'NY', '11757', '7813725074', 'Y', 'Y'),
('000008', 'Fries', 'Victor', '382 Liberty Drive', 'Elmont', 'NY', '11003', '9324227171', 'N', 'N'),
('000009', 'Lawton', 'Floyd', '609 S. Lake Forest Street', 'Endicott', 'NY', '13760', '3757238985', 'Y', 'N'),
('000010', 'Wilson', 'Slade', '819 Old York Drive', 'Brooklyn', 'NY', '11208', '7898741046', 'N', 'N');

INSERT INTO officer(officer_id,last_name,first_name,precinct,badge,phone_num,status_val)
VALUES (1,"Rice","Jamie","2222","412-232-11","6223334583","A"),
(2,"White","William","1363","123-623-77","6654468234","A"),
(3,"Odom","Jake","1422","456-566-83","6651522286","I"),
(4,"Price","Blake","1422","123-55-2466","3451128653","A"),
(5,"Simons","Kenneth","1363","534-33-3775","665554885","A"),
(6,"Amory","Lily","4582","465-559-5044","1254886522","I"),
(7,"Melbourne","Lindsey","2312","495-82-1161","3558332880","A"),
(8,"Georges","Fox","2222","132-42-7542","6336553442","A"),
(9,"Roman","Wolf","2222","135-73-5884","1883050023", "A"),
(10, "Shima", "Falco", "2222", "132-35-1232", "1889305290", "A");

INSERT INTO crime (crime_id, criminal_id, classification, date_charged, appeal_status, hearing_date, appeal_cutoff_date)
VALUES ('000000001', '000001', 'F', '2001-06-18', 'CL', '2001-09-22', '2001-10-22'),
('000000002', '000010', 'M', '2002-05-25', 'CL', '2002-10-27', '2002-11-27'),
('000000003', '000002', 'F', '2002-07-25', 'CL', '2002-08-31', '2002-09-31'),
('000000004', '000005', 'M', '2005-08-29', 'CL', '2006-01-31', '2006-02-28'),
('000000005', '000003', 'U', '2005-11-13', 'CL', '2006-02-04', '2006-03-04'),
('000000006', '000006', 'F', '2007-07-01', 'CL', '2007-11-09', '2007-12-09'),
('000000007', '000007', 'O', '2009-12-10', 'CL', '2010-04-06', '2010-05-06'),
('000000008', '000004', 'U', '2013-06-28', 'CL', '2013-11-26', '2013-12-26'),
('000000009', '000009', 'U', '2018-05-20', 'CL', '2018-12-15', '2019-01-15'),
('000000010', '000008', 'O', '2022-02-10', 'CL', '2022-04-17', '2022-05-17');

INSERT INTO crime_charge (charge_id, crime_id, crime_code, charge_status, fine_amount, court_fee, amount_paid, pay_due_date)
VALUES ('0000000001', '000000001', '104', 'GL', '100000', '150', '2500', '2001-10-22'),
('0000000002', '000000002', '101', 'GL', '30793', '150', '22651', '2002-11-27'),
('0000000003', '000000003', '102', 'NG', '6058', '150', '2523', '2002-09-31'),
('0000000004', '000000004', '107', 'GL', '7119', '150', '6614', '2006-02-28'),
('0000000005', '000000005', '108', 'NG', '2504', '150', '1205', '2006-03-04'),
('0000000006', '000000006', '103', 'GL', '8396', '150', '6118', '2007-12-09'),
('0000000007', '000000007', '110', 'NG', '7127', '150', '7127', '2010-05-06'),
('0000000008', '000000008', '102', 'GL', '48120', '150', '10861', '2013-12-26'),
('0000000009', '000000009', '110', 'PD', '29095', '150', '290145', '2019-01-15'),
('0000000010', '000000010', '105', 'PD', '27013', '150', '26000', '2022-05-17');

INSERT INTO sentences (sentence_id, criminal_id, type, prob_id, start_date, end_date, violations)
VALUES ('000001', '000001', 'J', '00005', '2001-09-22', '2045-09-22', '002'),
('000002', '000002', 'J', '00003', '2002-10-27', '2060-10-27', '002'),
('000003', '000003', 'J', '00007', '2002-08-31', '2029-08-31', '002'),
('000004', '000004', 'J', '00010', '2006-01-31', '2043-01-31', '002'),
('000005', '000005', 'P', '00008', '2006-02-04', '2028-02-04', '002'),
('000006', '000006', 'J', '00009', '2007-11-09', '2022-11-09', '002'),
('000007', '000007', 'P', '00001', '2010-04-06', '2061-04-06', '002'),
('000008', '000008', 'P', '00004', '2013-11-26', '2040-11-26', '002'),
('000009', '000009', 'J', '00006', '2018-12-15', '2025-12-15', '002'),
('000010', '000010', 'J', '00002', '2022-04-17', '2029-04-17', '002');

INSERT INTO crime_officers (crime_id, officer_id)
VALUES ('000000001', '00000009'),
('000000002', '00000005'),
('000000003', '00000006'),
('000000004', '00000008'),
('000000005', '00000004'),
('000000006', '00000010'),
('000000007', '00000002'),
('000000008', '00000001'),
('000000009', '00000003'),
('000000010', '00000007');

INSERT INTO appeals (appeal_id, crime_id, filing_date, hearing_date, status)
VALUES ('00001', '000000001', '2001-08-24', '2001-10-22', 'D'),
('00001', '000000001', '2002-09-28', '2002-11-27', 'A'),
('00001', '000000001', '2002-06-22', '2002-09-31', 'A'),
('00001', '000000001', '2006-01-09', '2006-02-28', 'D'),
('00001', '000000001', '2006-01-08', '2006-03-04', 'A'),
('00001', '000000001', '2007-10-20', '2007-12-09', 'A'),
('00001', '000000001', '2010-02-13', '2010-05-06', 'D'),
('00001', '000000001', '2013-06-17', '2013-12-26', 'A'),
('00001', '000000001', '2018-12-23', '2019-01-15', 'P'),
('00001', '000000001', '2022-03-10', '2022-05-17', 'P');

INSERT INTO crime_codes (crime_code, code_description)
VALUES ('101', 'Homicide'),
('102', 'Felony Assault'),
('103', 'Robbery'),
('104', 'Kidnapping'),
('105', 'Auto Theft'),
('106', 'Harassment'),
('107', 'Burglary'),
('108', 'Battery'),
('109', 'Insurance Fraud'),
('110', 'Embezzlement');

INSERT INTO prob_officer(prob_id, last_name, first_name, street, city, state_in, zip, phone_num, email, status_val)
VALUES
(1, "Pern", "Larry", "235 Frontier Dr", "Stanton", "VA", "55123", "1236644210", "pern.larry@vapd.com", "A"),
(2, "Syn", "Simon", "36345 Otter Ln", "Stanton", "VA", "55123", "1237447009", "simon.syn@vapd.com", "A"),
(3, "Miller", "Ben", "88 Broadway", "New York", "NY", "10003", "5346623412", "miller@sigma.com", "I"),
(4, "Stanley", "Mordy", "312 Longley Way", "Stranton", "VA", "55123", "6342220400", "mordylolol@gmail.com", "A"),
(5, "Ou", "Kevin", "55 Branson St", "Monterrey", "CA", "91889", "4127564500", "ouch.kevin@gmail.com", "I"),
(6, "Chag", "Palua", "623 Shimmerhorn Lane", "Arcadia", "CA", "91798", "5459890024", "chag@gmail.com", "A"),
(7, "Perkins", "Percy", "43 Lankershim Blvd", "Ford", "VA", "55347", "", "pp@google.com", "A"),
(8, "Jordan", "Ben", "63 Tees St", "Orlando", "FL", "84524", "7459920430", "scamartist@gmail.com", "A"),
(9, "Armon", "Sonny", "4388 Thomas Dr", "Jurf", "FL", "84524", "7458339604", "sonnyboy@gmail.com", "I"),
(10, "Jackson", "Percy", "23 Olympian Way", "Zeus", "CA", "65545", "2220590040", "love@arc.net", "I");